,Unnamed: 0,Category,Subcategory,id,alias,name,image_url,is_closed,url,review_count,categories,rating,coordinates,transactions,price,location,phone,display_phone,distance
8,8,Restaurants,restaurants,xpnTVZXOgEjDtfDCXCvxmg,oz-pizza-san-francisco-3,Oz Pizza,https://s3-media4.fl.yelpcdn.com/bphoto/olluAgVDVODRQGgnm2W7Vg/o.jpg,False,https://www.yelp.com/biz/oz-pizza-san-francisco-3?adjust_creative=UrTih-vsDBnP_I6A9R91yg&utm_campaign=yelp_api_v3&utm_medium=api_v3_business_search&utm_source=UrTih-vsDBnP_I6A9R91yg,237,"[{'alias': 'pizza', 'title': 'Pizza'}, {'alias': 'salad', 'title': 'Salad'}]",3.5,"{'latitude': 37.760636, 'longitude': -122.435152}","['pickup', 'delivery']",$,"{'address1': '508 Castro St', 'address2': None, 'address3': '', 'city': 'San Francisco', 'zip_code': '94114', 'country': 'US', 'state': 'CA', 'display_address': ['508 Castro St', 'San Francisco, CA 94114']}",14158612525.0,(415) 861-2525,117.55981817912289
13,13,Restaurants,restaurants,EB5Luwg0aGXORbJjIY6syg,la-tortilla-san-francisco,La Tortilla,https://s3-media3.fl.yelpcdn.com/bphoto/ua9utVMJBwGt6gQIwEpBRg/o.jpg,False,https://www.yelp.com/biz/la-tortilla-san-francisco?adjust_creative=UrTih-vsDBnP_I6A9R91yg&utm_campaign=yelp_api_v3&utm_medium=api_v3_business_search&utm_source=UrTih-vsDBnP_I6A9R91yg,354,"[{'alias': 'mexican', 'title': 'Mexican'}]",2.7,"{'latitude': 37.76109, 'longitude': -122.4347}","['pickup', 'delivery']",$,"{'address1': '495 Castro St', 'address2': '', 'address3': '', 'city': 'San Francisco', 'zip_code': '94114', 'country': 'US', 'state': 'CA', 'display_address': ['495 Castro St', 'San Francisco, CA 94114']}",14158613990.0,(415) 861-3990,149.02174926168692
51,54,Restaurants,food,gMqVjmNcdU7K6k6OI1Fj1A,five-star-truffles-co-san-francisco,Five Star Truffles Co.,https://s3-media2.fl.yelpcdn.com/bphoto/tPGiRfDnEVIxZJR5pcsuvg/o.jpg,False,https://www.yelp.com/biz/five-star-truffles-co-san-francisco?adjust_creative=UrTih-vsDBnP_I6A9R91yg&utm_campaign=yelp_api_v3&utm_medium=api_v3_business_search&utm_source=UrTih-vsDBnP_I6A9R91yg,202,"[{'alias': 'coffee', 'title': 'Coffee & Tea'}, {'alias': 'chocolate', 'title': 'Chocolatiers & Shops'}]",4.5,"{'latitude': 37.76058, 'longitude': -122.43693}","['delivery', 'pickup']",$,"{'address1': '4251 A 18th St', 'address2': None, 'address3': '', 'city': 'San Francisco', 'zip_code': '94114', 'country': 'US', 'state': 'CA', 'display_address': ['4251 A 18th St', 'San Francisco, CA 94114']}",14155525128.0,(415) 552-5128,54.17184551394678
54,59,Restaurants,food,c8h3VFeCV6436OmQjQ8__Q,walgreens-san-francisco-98,Walgreens,https://s3-media1.fl.yelpcdn.com/bphoto/wiuAL48ARLzdFBB86sKp1w/o.jpg,False,https://www.yelp.com/biz/walgreens-san-francisco-98?adjust_creative=UrTih-vsDBnP_I6A9R91yg&utm_campaign=yelp_api_v3&utm_medium=api_v3_business_search&utm_source=UrTih-vsDBnP_I6A9R91yg,189,"[{'alias': 'drugstores', 'title': 'Drugstores'}, {'alias': 'convenience', 'title': 'Convenience Stores'}, {'alias': 'cosmetics', 'title': 'Cosmetics & Beauty Supply'}]",3.2,"{'latitude': 37.7611173798601, 'longitude': -122.435222715139}",[],$,"{'address1': '498 Castro St', 'address2': None, 'address3': '', 'city': 'San Francisco', 'zip_code': '94114', 'country': 'US', 'state': 'CA', 'display_address': ['498 Castro St', 'San Francisco, CA 94114']}",14158613136.0,(415) 861-3136,110.33198893743318
68,104,Restaurants,dining,G4aq8R583DUwR65Hw86yCQ,the-edge-san-francisco,The Edge,https://s3-media2.fl.yelpcdn.com/bphoto/G28Spn8skPP3z3PxXQLO5A/o.jpg,False,https://www.yelp.com/biz/the-edge-san-francisco?adjust_creative=UrTih-vsDBnP_I6A9R91yg&utm_campaign=yelp_api_v3&utm_medium=api_v3_business_search&utm_source=UrTih-vsDBnP_I6A9R91yg,190,"[{'alias': 'gaybars', 'title': 'Gay Bars'}]",3.6,"{'latitude': 37.7607325719368, 'longitude': -122.435977232944}",[],$,"{'address1': '4149 18th St', 'address2': '', 'address3': '', 'city': 'San Francisco', 'zip_code': '94114', 'country': 'US', 'state': 'CA', 'display_address': ['4149 18th St', 'San Francisco, CA 94114']}",14158634027.0,(415) 863-4027,45.28233758293023
69,105,Restaurants,dining,1ndBxAGmb_qOXdOBHAFoSg,toad-hall-bar-san-francisco,Toad Hall Bar,https://s3-media1.fl.yelpcdn.com/bphoto/cDsPoGvk7e-lmoaZd1Z1wA/o.jpg,False,https://www.yelp.com/biz/toad-hall-bar-san-francisco?adjust_creative=UrTih-vsDBnP_I6A9R91yg&utm_campaign=yelp_api_v3&utm_medium=api_v3_business_search&utm_source=UrTih-vsDBnP_I6A9R91yg,293,"[{'alias': 'gaybars', 'title': 'Gay Bars'}]",3.5,"{'latitude': 37.76102, 'longitude': -122.4359}",[],$,"{'address1': '4146 18th St', 'address2': '', 'address3': '', 'city': 'San Francisco', 'zip_code': '94114', 'country': 'US', 'state': 'CA', 'display_address': ['4146 18th St', 'San Francisco, CA 94114']}",14156212811.0,(415) 621-2811,45.86068030636967
81,151,Restaurants,cuisine,5AbIje9ZFCsTF1YrESSOIg,la-cuisine-cafe-san-francisco-4,La Cuisine Cafe,https://s3-media2.fl.yelpcdn.com/bphoto/mCJE8b_QHmUJhukIFiSn6g/o.jpg,False,https://www.yelp.com/biz/la-cuisine-cafe-san-francisco-4?adjust_creative=UrTih-vsDBnP_I6A9R91yg&utm_campaign=yelp_api_v3&utm_medium=api_v3_business_search&utm_source=UrTih-vsDBnP_I6A9R91yg,103,"[{'alias': 'breakfast_brunch', 'title': 'Breakfast & Brunch'}, {'alias': 'french', 'title': 'French'}, {'alias': 'mediterranean', 'title': 'Mediterranean'}]",4.6,"{'latitude': 37.77950184993586, 'longitude': -122.41335819999426}","['delivery', 'pickup']",$,"{'address1': '1145 Market St', 'address2': None, 'address3': '', 'city': 'San Francisco', 'zip_code': '94103', 'country': 'US', 'state': 'CA', 'display_address': ['1145 Market St', 'San Francisco, CA 94103']}",14157570133.0,(415) 757-0133,2897.8097356118487
109,254,Restaurants,diners,cwoLsXwBGMjz3LcroaJl_A,missions-kitchen-san-francisco,Mission's Kitchen,https://s3-media4.fl.yelpcdn.com/bphoto/4c9lQQOxUT3puf49SmlZXQ/o.jpg,False,https://www.yelp.com/biz/missions-kitchen-san-francisco?adjust_creative=UrTih-vsDBnP_I6A9R91yg&utm_campaign=yelp_api_v3&utm_medium=api_v3_business_search&utm_source=UrTih-vsDBnP_I6A9R91yg,188,"[{'alias': 'diners', 'title': 'Diners'}]",3.9,"{'latitude': 37.75321, 'longitude': -122.41889}",['pickup'],$,"{'address1': '2738 Mission St', 'address2': None, 'address3': '', 'city': 'San Francisco', 'zip_code': '94110', 'country': 'US', 'state': 'CA', 'display_address': ['2738 Mission St', 'San Francisco, CA 94110']}",14156481577.0,(415) 648-1577,1763.366434307173
114,259,Restaurants,diners,O16fNPE0FtAi63D4VFRAXA,lafayette-coffee-shop-san-francisco-2,Lafayette Coffee Shop,https://s3-media3.fl.yelpcdn.com/bphoto/lJkGfTh4gRDRxJ8R55dZMA/o.jpg,False,https://www.yelp.com/biz/lafayette-coffee-shop-san-francisco-2?adjust_creative=UrTih-vsDBnP_I6A9R91yg&utm_campaign=yelp_api_v3&utm_medium=api_v3_business_search&utm_source=UrTih-vsDBnP_I6A9R91yg,69,"[{'alias': 'tradamerican', 'title': 'American'}, {'alias': 'diners', 'title': 'Diners'}, {'alias': 'breakfast_brunch', 'title': 'Breakfast & Brunch'}]",4.0,"{'latitude': 37.78349, 'longitude': -122.41783}","['delivery', 'pickup']",$,"{'address1': '611 Larkin St', 'address2': '', 'address3': None, 'city': 'San Francisco', 'zip_code': '94109', 'country': 'US', 'state': 'CA', 'display_address': ['611 Larkin St', 'San Francisco, CA 94109']}",14154414884.0,(415) 441-4884,2998.35009560627
160,327,Restaurants,bistros,MTIqLOBdISaon4G22qb5Lg,thorough-bread-and-pastry-san-francisco,Thorough Bread & Pastry,https://s3-media2.fl.yelpcdn.com/bphoto/KVP-fxsiaODJfUdnHO3hQA/o.jpg,False,https://www.yelp.com/biz/thorough-bread-and-pastry-san-francisco?adjust_creative=UrTih-vsDBnP_I6A9R91yg&utm_campaign=yelp_api_v3&utm_medium=api_v3_business_search&utm_source=UrTih-vsDBnP_I6A9R91yg,972,"[{'alias': 'sandwiches', 'title': 'Sandwiches'}, {'alias': 'coffee', 'title': 'Coffee & Tea'}, {'alias': 'cakeshop', 'title': 'Patisserie/Cake Shop'}]",4.4,"{'latitude': 37.7665123809431, 'longitude': -122.429034858942}",['pickup'],$,"{'address1': '248 Church St', 'address2': '', 'address3': '', 'city': 'San Francisco', 'zip_code': '94114', 'country': 'US', 'state': 'CA', 'display_address': ['248 Church St', 'San Francisco, CA 94114']}",14155580690.0,(415) 558-0690,902.2696814780752
176,343,Restaurants,bistros,-nIP9n7HTQx9BENjEkzV0w,tung-sing-restaurant-san-francisco,Tung Sing Restaurant,https://s3-media3.fl.yelpcdn.com/bphoto/JB7G0gQmLO6UOcH16hj6HA/o.jpg,False,https://www.yelp.com/biz/tung-sing-restaurant-san-francisco?adjust_creative=UrTih-vsDBnP_I6A9R91yg&utm_campaign=yelp_api_v3&utm_medium=api_v3_business_search&utm_source=UrTih-vsDBnP_I6A9R91yg,105,"[{'alias': 'chinese', 'title': 'Chinese'}]",2.8,"{'latitude': 37.75112, 'longitude': -122.4323}",['pickup'],$,"{'address1': '4015 24th St', 'address2': '', 'address3': '', 'city': 'San Francisco', 'zip_code': '94114', 'country': 'US', 'state': 'CA', 'display_address': ['4015 24th St', 'San Francisco, CA 94114']}",14156488582.0,(415) 648-8582,1136.6205498163197
184,367,Bars,bars,GDwdARSbtghKwrMKeoQ8ww,moby-dick-san-francisco,Moby Dick,https://s3-media2.fl.yelpcdn.com/bphoto/p2KbA5vqsyrCTz2zpyWiag/o.jpg,False,https://www.yelp.com/biz/moby-dick-san-francisco?adjust_creative=UrTih-vsDBnP_I6A9R91yg&utm_campaign=yelp_api_v3&utm_medium=api_v3_business_search&utm_source=UrTih-vsDBnP_I6A9R91yg,218,"[{'alias': 'gaybars', 'title': 'Gay Bars'}]",3.8,"{'latitude': 37.760939, 'longitude': -122.433808}",[],$,"{'address1': '4049 18th St', 'address2': '', 'address3': '', 'city': 'San Francisco', 'zip_code': '94114', 'country': 'US', 'state': 'CA', 'display_address': ['4049 18th St', 'San Francisco, CA 94114']}",14158611199.0,(415) 861-1199,232.042571460304
186,369,Bars,bars,tbSnNbaAT11_tc8MWcYedA,last-call-bar-san-francisco-2,Last Call Bar,https://s3-media1.fl.yelpcdn.com/bphoto/c-fHY4p_jWcEnqVMDixBew/o.jpg,False,https://www.yelp.com/biz/last-call-bar-san-francisco-2?adjust_creative=UrTih-vsDBnP_I6A9R91yg&utm_campaign=yelp_api_v3&utm_medium=api_v3_business_search&utm_source=UrTih-vsDBnP_I6A9R91yg,113,"[{'alias': 'gaybars', 'title': 'Gay Bars'}, {'alias': 'divebars', 'title': 'Dive Bars'}, {'alias': 'cocktailbars', 'title': 'Cocktail Bars'}]",4.5,"{'latitude': 37.76115602909778, 'longitude': -122.4324926}",[],$,"{'address1': '3988 18th St', 'address2': None, 'address3': '', 'city': 'San Francisco', 'zip_code': '94114', 'country': 'US', 'state': 'CA', 'display_address': ['3988 18th St', 'San Francisco, CA 94114']}",14158611310.0,(415) 861-1310,348.80322951997994
194,385,Bars,bars,M7bDMv2Roi-CWWqZYcdYOw,pilsner-inn-san-francisco,Pilsner Inn,https://s3-media3.fl.yelpcdn.com/bphoto/4OjTUaDhaI3P4lsWGKuesQ/o.jpg,False,https://www.yelp.com/biz/pilsner-inn-san-francisco?adjust_creative=UrTih-vsDBnP_I6A9R91yg&utm_campaign=yelp_api_v3&utm_medium=api_v3_business_search&utm_source=UrTih-vsDBnP_I6A9R91yg,245,"[{'alias': 'gaybars', 'title': 'Gay Bars'}]",3.7,"{'latitude': 37.7671531587839, 'longitude': -122.428846433759}",[],$,"{'address1': '225 Church St', 'address2': '', 'address3': '', 'city': 'San Francisco', 'zip_code': '94114', 'country': 'US', 'state': 'CA', 'display_address': ['225 Church St', 'San Francisco, CA 94114']}",14156217058.0,(415) 621-7058,964.34589131985
214,410,Bars,pubs,UJjTzk7CAdQ1NzjDITBXFw,mission-bar-san-francisco,Mission Bar,https://s3-media4.fl.yelpcdn.com/bphoto/SnASm4S5MmsGarYz4wR2Pg/o.jpg,False,https://www.yelp.com/biz/mission-bar-san-francisco?adjust_creative=UrTih-vsDBnP_I6A9R91yg&utm_campaign=yelp_api_v3&utm_medium=api_v3_business_search&utm_source=UrTih-vsDBnP_I6A9R91yg,247,"[{'alias': 'divebars', 'title': 'Dive Bars'}, {'alias': 'pubs', 'title': 'Pubs'}]",4.0,"{'latitude': 37.7540283, 'longitude': -122.4184447}",[],$,"{'address1': '2695 Mission St', 'address2': '', 'address3': '', 'city': 'San Francisco', 'zip_code': '94110', 'country': 'US', 'state': 'CA', 'display_address': ['2695 Mission St', 'San Francisco, CA 94110']}",14156472300.0,(415) 647-2300,1754.5696678062754
215,411,Bars,pubs,SVpL2BGGoJxexdStPDAlSg,shotwells-san-francisco,Shotwell's,https://s3-media1.fl.yelpcdn.com/bphoto/bzS6l1Oi8Z2JXOKtbnruWw/o.jpg,False,https://www.yelp.com/biz/shotwells-san-francisco?adjust_creative=UrTih-vsDBnP_I6A9R91yg&utm_campaign=yelp_api_v3&utm_medium=api_v3_business_search&utm_source=UrTih-vsDBnP_I6A9R91yg,247,"[{'alias': 'pubs', 'title': 'Pubs'}]",4.3,"{'latitude': 37.75869, 'longitude': -122.41562}",[],$,"{'address1': '3349 20th St', 'address2': '', 'address3': '', 'city': 'San Francisco', 'zip_code': '94110', 'country': 'US', 'state': 'CA', 'display_address': ['3349 20th St', 'San Francisco, CA 94110']}",14156484104.0,(415) 648-4104,1843.9455072099245
254,452,Bars,lounges,JlhJM4ulY5sHsLcUiENpCQ,noc-noc-san-francisco,Noc Noc,https://s3-media3.fl.yelpcdn.com/bphoto/L_6Kdj3s3QUeQesOUoK9vw/o.jpg,False,https://www.yelp.com/biz/noc-noc-san-francisco?adjust_creative=UrTih-vsDBnP_I6A9R91yg&utm_campaign=yelp_api_v3&utm_medium=api_v3_business_search&utm_source=UrTih-vsDBnP_I6A9R91yg,516,"[{'alias': 'divebars', 'title': 'Dive Bars'}, {'alias': 'lounges', 'title': 'Lounges'}]",4.2,"{'latitude': 37.7718, 'longitude': -122.43131}",[],$,"{'address1': '557 Haight St', 'address2': '', 'address3': '', 'city': 'San Francisco', 'zip_code': '94117', 'country': 'US', 'state': 'CA', 'display_address': ['557 Haight St', 'San Francisco, CA 94117']}",14158615811.0,(415) 861-5811,1292.9558862339782
257,455,Bars,lounges,zxk6j9qAKdlvFhetoOyNBQ,peacock-lounge-san-francisco,Peacock Lounge,https://s3-media2.fl.yelpcdn.com/bphoto/U0S7elE9xQfG9EkKrHRRsA/o.jpg,False,https://www.yelp.com/biz/peacock-lounge-san-francisco?adjust_creative=UrTih-vsDBnP_I6A9R91yg&utm_campaign=yelp_api_v3&utm_medium=api_v3_business_search&utm_source=UrTih-vsDBnP_I6A9R91yg,54,"[{'alias': 'venues', 'title': 'Venues & Event Spaces'}, {'alias': 'lounges', 'title': 'Lounges'}]",3.8,"{'latitude': 37.7721269, 'longitude': -122.4313303}",[],$,"{'address1': '552 Haight St', 'address2': '', 'address3': '', 'city': 'San Francisco', 'zip_code': '94117', 'country': 'US', 'state': 'CA', 'display_address': ['552 Haight St', 'San Francisco, CA 94117']}",14156219850.0,(415) 621-9850,1332.2359452227367
315,532,Bars,cocktail bars,iYtUkCBapi81qWj_oG1Fkw,gold-cane-cocktail-lounge-san-francisco,Gold Cane Cocktail Lounge,https://s3-media3.fl.yelpcdn.com/bphoto/xptyXrxB7mpC0Z04RKYzKQ/o.jpg,False,https://www.yelp.com/biz/gold-cane-cocktail-lounge-san-francisco?adjust_creative=UrTih-vsDBnP_I6A9R91yg&utm_campaign=yelp_api_v3&utm_medium=api_v3_business_search&utm_source=UrTih-vsDBnP_I6A9R91yg,262,"[{'alias': 'divebars', 'title': 'Dive Bars'}, {'alias': 'cocktailbars', 'title': 'Cocktail Bars'}]",4.1,"{'latitude': 37.7698246389627, 'longitude': -122.447996735573}",[],$,"{'address1': '1569 Haight St', 'address2': '', 'address3': '', 'city': 'San Francisco', 'zip_code': '94117', 'country': 'US', 'state': 'CA', 'display_address': ['1569 Haight St', 'San Francisco, CA 94117']}",14156261112.0,(415) 626-1112,1410.1543985176088
323,541,Bars,cocktail bars,kI9nCi6rP3wqigJnX5w1jA,docs-clock-san-francisco,Doc's Clock,https://s3-media2.fl.yelpcdn.com/bphoto/R6N9nrpN1YDqB15f0g_otQ/o.jpg,False,https://www.yelp.com/biz/docs-clock-san-francisco?adjust_creative=UrTih-vsDBnP_I6A9R91yg&utm_campaign=yelp_api_v3&utm_medium=api_v3_business_search&utm_source=UrTih-vsDBnP_I6A9R91yg,404,"[{'alias': 'divebars', 'title': 'Dive Bars'}, {'alias': 'cocktailbars', 'title': 'Cocktail Bars'}]",3.7,"{'latitude': 37.7583481630038, 'longitude': -122.418876327574}",[],$,"{'address1': '2417 Mission St', 'address2': '', 'address3': '', 'city': 'San Francisco', 'zip_code': '94110', 'country': 'US', 'state': 'CA', 'display_address': ['2417 Mission St', 'San Francisco, CA 94110']}",14158243627.0,(415) 824-3627,1570.4694161535958
367,601,Bars,beer bars,MKfsbZ8E1QOXruZOAo9TNw,gestalt-san-francisco,Gestalt,https://s3-media1.fl.yelpcdn.com/bphoto/y6dLXbYQvxAxoyHD7RyyWA/o.jpg,False,https://www.yelp.com/biz/gestalt-san-francisco?adjust_creative=UrTih-vsDBnP_I6A9R91yg&utm_campaign=yelp_api_v3&utm_medium=api_v3_business_search&utm_source=UrTih-vsDBnP_I6A9R91yg,525,"[{'alias': 'german', 'title': 'German'}, {'alias': 'divebars', 'title': 'Dive Bars'}, {'alias': 'beerbar', 'title': 'Beer Bar'}]",3.9,"{'latitude': 37.76469, 'longitude': -122.4233}",['delivery'],$,"{'address1': '3159 16th St', 'address2': None, 'address3': '', 'city': 'San Francisco', 'zip_code': '94103', 'country': 'US', 'state': 'CA', 'display_address': ['3159 16th St', 'San Francisco, CA 94103']}",14158132790.0,(415) 813-2790,1227.2628655174294
373,608,Bars,beer bars,3IPHiyXfwdN7lwz5qqotJA,cafe-la-boheme-san-francisco,Cafe La Boheme,https://s3-media2.fl.yelpcdn.com/bphoto/jPqcKrBfofgAIE1yUs-b1Q/o.jpg,False,https://www.yelp.com/biz/cafe-la-boheme-san-francisco?adjust_creative=UrTih-vsDBnP_I6A9R91yg&utm_campaign=yelp_api_v3&utm_medium=api_v3_business_search&utm_source=UrTih-vsDBnP_I6A9R91yg,316,"[{'alias': 'coffee', 'title': 'Coffee & Tea'}, {'alias': 'desserts', 'title': 'Desserts'}, {'alias': 'beerbar', 'title': 'Beer Bar'}]",3.6,"{'latitude': 37.7523605, 'longitude': -122.4189438}","['delivery', 'pickup']",$,"{'address1': '3318 24th St', 'address2': '', 'address3': '', 'city': 'San Francisco', 'zip_code': '94110', 'country': 'US', 'state': 'CA', 'display_address': ['3318 24th St', 'San Francisco, CA 94110']}",14156430481.0,(415) 643-0481,1807.9749145084995
411,657,Coffee & Tea,coffee,2hR4tWOCcz88HFYB4U3FkA,spikes-coffees-and-teas-san-francisco,Spike's Coffees & Teas,https://s3-media1.fl.yelpcdn.com/bphoto/HkIDY8mxiPTMI4VBnGmuQA/o.jpg,False,https://www.yelp.com/biz/spikes-coffees-and-teas-san-francisco?adjust_creative=UrTih-vsDBnP_I6A9R91yg&utm_campaign=yelp_api_v3&utm_medium=api_v3_business_search&utm_source=UrTih-vsDBnP_I6A9R91yg,242,"[{'alias': 'coffee', 'title': 'Coffee & Tea'}]",4.4,"{'latitude': 37.75916, 'longitude': -122.43503}",['pickup'],$,"{'address1': '4117 19th St', 'address2': '', 'address3': '', 'city': 'San Francisco', 'zip_code': '94114', 'country': 'US', 'state': 'CA', 'display_address': ['4117 19th St', 'San Francisco, CA 94114']}",14156265573.0,(415) 626-5573,219.2997573052509
416,663,Coffee & Tea,coffee,vmwLmMvOK-JB2uT3Cqinyw,spro-coffee-lab-san-francisco-8,SPRO Coffee Lab,https://s3-media4.fl.yelpcdn.com/bphoto/ksyCpzf9kF9GQT-SchtA9g/o.jpg,False,https://www.yelp.com/biz/spro-coffee-lab-san-francisco-8?adjust_creative=UrTih-vsDBnP_I6A9R91yg&utm_campaign=yelp_api_v3&utm_medium=api_v3_business_search&utm_source=UrTih-vsDBnP_I6A9R91yg,188,"[{'alias': 'coffee', 'title': 'Coffee & Tea'}, {'alias': 'cafes', 'title': 'Cafes'}]",4.4,"{'latitude': 37.76280950492828, 'longitude': -122.4286748}",[],$,"{'address1': '500 Church St', 'address2': '', 'address3': None, 'city': 'San Francisco', 'zip_code': '94114', 'country': 'US', 'state': 'CA', 'display_address': ['500 Church St', 'San Francisco, CA 94114']}",,,715.4912057400227
450,744,Coffee & Tea,tea,KY9ht2b8-aRYU9DKg5KSjw,sisters-coffee-shop-san-francisco,Sisters Coffee Shop,https://s3-media2.fl.yelpcdn.com/bphoto/uX0PaehFA4PKaemE3rI-Ng/o.jpg,False,https://www.yelp.com/biz/sisters-coffee-shop-san-francisco?adjust_creative=UrTih-vsDBnP_I6A9R91yg&utm_campaign=yelp_api_v3&utm_medium=api_v3_business_search&utm_source=UrTih-vsDBnP_I6A9R91yg,94,"[{'alias': 'coffee', 'title': 'Coffee & Tea'}, {'alias': 'breakfast_brunch', 'title': 'Breakfast & Brunch'}, {'alias': 'bagels', 'title': 'Bagels'}]",4.0,"{'latitude': 37.75808799323737, 'longitude': -122.4215494}","['pickup', 'delivery']",$,"{'address1': '920 Valencia St', 'address2': None, 'address3': '', 'city': 'San Francisco', 'zip_code': '94110', 'country': 'US', 'state': 'CA', 'display_address': ['920 Valencia St', 'San Francisco, CA 94110']}",14159326848.0,(415) 932-6848,1346.4434576409233
451,745,Coffee & Tea,tea,6iR0zBfiup79DErYKAXY0Q,cafe-international-san-francisco,Cafe International,https://s3-media1.fl.yelpcdn.com/bphoto/hlCB3mnGShqUJsrPHRMcIw/o.jpg,False,https://www.yelp.com/biz/cafe-international-san-francisco?adjust_creative=UrTih-vsDBnP_I6A9R91yg&utm_campaign=yelp_api_v3&utm_medium=api_v3_business_search&utm_source=UrTih-vsDBnP_I6A9R91yg,457,"[{'alias': 'coffee', 'title': 'Coffee & Tea'}, {'alias': 'sandwiches', 'title': 'Sandwiches'}, {'alias': 'bagels', 'title': 'Bagels'}]",4.3,"{'latitude': 37.77227, 'longitude': -122.43084}",['pickup'],$,"{'address1': '508 Haight St', 'address2': '', 'address3': '', 'city': 'San Francisco', 'zip_code': '94117', 'country': 'US', 'state': 'CA', 'display_address': ['508 Haight St', 'San Francisco, CA 94117']}",14155527390.0,(415) 552-7390,1354.8608862377914
462,881,Coffee & Tea,tea houses,QRrVqIORkVzaNXRmQCiAuw,upfordayz-coffee-tea-and-juice-san-francisco-2,"UpForDayz Coffee, Tea & Juice",https://s3-media3.fl.yelpcdn.com/bphoto/Hk9fmBhhD82f4kl4uAL5dw/o.jpg,False,https://www.yelp.com/biz/upfordayz-coffee-tea-and-juice-san-francisco-2?adjust_creative=UrTih-vsDBnP_I6A9R91yg&utm_campaign=yelp_api_v3&utm_medium=api_v3_business_search&utm_source=UrTih-vsDBnP_I6A9R91yg,214,"[{'alias': 'coffee', 'title': 'Coffee & Tea'}, {'alias': 'juicebars', 'title': 'Juice Bars & Smoothies'}, {'alias': 'breakfast_brunch', 'title': 'Breakfast & Brunch'}]",4.7,"{'latitude': 37.7538, 'longitude': -122.42099}",['delivery'],$,"{'address1': '1198 Valencia St', 'address2': '', 'address3': '', 'city': 'San Francisco', 'zip_code': '94110', 'country': 'US', 'state': 'CA', 'display_address': ['1198 Valencia St', 'San Francisco, CA 94110']}",14152697288.0,(415) 269-7288,1562.8351588259864
463,882,Coffee & Tea,tea houses,C3o-rXY_jQ686sSAlouhCw,cantata-coffee-company-san-francisco,Cantata Coffee Company,https://s3-media2.fl.yelpcdn.com/bphoto/YUwtuIxKZru2PZ1PUunO9A/o.jpg,False,https://www.yelp.com/biz/cantata-coffee-company-san-francisco?adjust_creative=UrTih-vsDBnP_I6A9R91yg&utm_campaign=yelp_api_v3&utm_medium=api_v3_business_search&utm_source=UrTih-vsDBnP_I6A9R91yg,315,"[{'alias': 'coffee', 'title': 'Coffee & Tea'}]",4.0,"{'latitude': 37.7696739, 'longitude': -122.4504544}",['delivery'],$,"{'address1': '1708 Haight St', 'address2': '', 'address3': '', 'city': 'San Francisco', 'zip_code': '94117', 'country': 'US', 'state': 'CA', 'display_address': ['1708 Haight St', 'San Francisco, CA 94117']}",14152215555.0,(415) 221-5555,1586.3235093058058
490,954,Hotels,hotels,CUWXxhFyUYre_RvZKQxTmg,twin-peaks-hotel-san-francisco,Twin Peaks Hotel,https://s3-media1.fl.yelpcdn.com/bphoto/67mUDCDwsNb1AVJqgXcRwQ/o.jpg,False,https://www.yelp.com/biz/twin-peaks-hotel-san-francisco?adjust_creative=UrTih-vsDBnP_I6A9R91yg&utm_campaign=yelp_api_v3&utm_medium=api_v3_business_search&utm_source=UrTih-vsDBnP_I6A9R91yg,51,"[{'alias': 'hotels', 'title': 'Hotels'}]",3.4,"{'latitude': 37.7667021499214, 'longitude': -122.430118287103}",[],$,"{'address1': '2160 Market St', 'address2': '', 'address3': '', 'city': 'San Francisco', 'zip_code': '94114', 'country': 'US', 'state': 'CA', 'display_address': ['2160 Market St', 'San Francisco, CA 94114']}",14158632909.0,(415) 863-2909,851.9605468410191
492,956,Hotels,hotels,6rL0SZKE9LWuHdmjbWP2iw,the-metro-hotel-san-francisco,The Metro Hotel,https://s3-media1.fl.yelpcdn.com/bphoto/eKtlDH5NjdjijQhWV05fgA/o.jpg,False,https://www.yelp.com/biz/the-metro-hotel-san-francisco?adjust_creative=UrTih-vsDBnP_I6A9R91yg&utm_campaign=yelp_api_v3&utm_medium=api_v3_business_search&utm_source=UrTih-vsDBnP_I6A9R91yg,231,"[{'alias': 'hotels', 'title': 'Hotels'}]",4.4,"{'latitude': 37.772425, 'longitude': -122.437583}",[],$,"{'address1': '319 Divisadero St', 'address2': '', 'address3': '', 'city': 'San Francisco', 'zip_code': '94117', 'country': 'US', 'state': 'CA', 'display_address': ['319 Divisadero St', 'San Francisco, CA 94117']}",14158615364.0,(415) 861-5364,1289.8579799446013
578,1163,Hotels,bed and breakfast,FAbJSEwJyUCpHHaYQdi3NQ,bel-air-hotel-san-francisco-2,Bel Air Hotel,https://s3-media3.fl.yelpcdn.com/bphoto/tF8Hix7oi5DPHtY_S8Y0bg/o.jpg,False,https://www.yelp.com/biz/bel-air-hotel-san-francisco-2?adjust_creative=UrTih-vsDBnP_I6A9R91yg&utm_campaign=yelp_api_v3&utm_medium=api_v3_business_search&utm_source=UrTih-vsDBnP_I6A9R91yg,11,"[{'alias': 'hotels', 'title': 'Hotels'}, {'alias': 'bedbreakfast', 'title': 'Bed & Breakfast'}]",1.5,"{'latitude': 37.78450591110754, 'longitude': -122.41261462007758}",[],$,"{'address1': '344 Jones St', 'address2': None, 'address3': '', 'city': 'San Francisco', 'zip_code': '94102', 'country': 'US', 'state': 'CA', 'display_address': ['344 Jones St', 'San Francisco, CA 94102']}",14157713460.0,(415) 771-3460,3358.287542335984
588,1173,Hotels,bed and breakfast,1XGuYya0JAcO56d7LY3hwQ,castro-hotel-san-francisco,Castro Hotel,,False,https://www.yelp.com/biz/castro-hotel-san-francisco?adjust_creative=UrTih-vsDBnP_I6A9R91yg&utm_campaign=yelp_api_v3&utm_medium=api_v3_business_search&utm_source=UrTih-vsDBnP_I6A9R91yg,11,"[{'alias': 'hotels', 'title': 'Hotels'}, {'alias': 'bedbreakfast', 'title': 'Bed & Breakfast'}]",4.2,"{'latitude': 37.79835, 'longitude': -122.40899}",[],$,"{'address1': '705 Vallejo St', 'address2': '', 'address3': '', 'city': 'San Francisco', 'zip_code': '94133', 'country': 'US', 'state': 'CA', 'display_address': ['705 Vallejo St', 'San Francisco, CA 94133']}",14157889709.0,(415) 788-9709,4816.67168092219
620,1265,Shopping,shopping,avJWr0yLGaMK3Bztmd8mhg,auto-erotica-san-francisco,Auto Erotica,https://s3-media3.fl.yelpcdn.com/bphoto/Y5qkVprQ9Xl80ofhRObNIg/o.jpg,False,https://www.yelp.com/biz/auto-erotica-san-francisco?adjust_creative=UrTih-vsDBnP_I6A9R91yg&utm_campaign=yelp_api_v3&utm_medium=api_v3_business_search&utm_source=UrTih-vsDBnP_I6A9R91yg,23,"[{'alias': 'vintage', 'title': 'Used, Vintage & Consignment'}]",4.1,"{'latitude': 37.7606964111328, 'longitude': -122.434448242188}",[],$,"{'address1': '4077 A 18th St', 'address2': '', 'address3': '', 'city': 'San Francisco', 'zip_code': '94114', 'country': 'US', 'state': 'CA', 'display_address': ['4077 A 18th St', 'San Francisco, CA 94114']}",14158615787.0,(415) 861-5787,173.15334944436177
621,1266,Shopping,shopping,Un9A-q7P2_I1w--kj-q4AA,moms-pharmacy-san-francisco,MOMS Pharmacy,,False,https://www.yelp.com/biz/moms-pharmacy-san-francisco?adjust_creative=UrTih-vsDBnP_I6A9R91yg&utm_campaign=yelp_api_v3&utm_medium=api_v3_business_search&utm_source=UrTih-vsDBnP_I6A9R91yg,37,"[{'alias': 'drugstores', 'title': 'Drugstores'}]",3.1,"{'latitude': 37.7607040405273, 'longitude': -122.434364318848}",[],$,"{'address1': '4071 18th St', 'address2': '', 'address3': '', 'city': 'San Francisco', 'zip_code': '94114', 'country': 'US', 'state': 'CA', 'display_address': ['4071 18th St', 'San Francisco, CA 94114']}",14152552720.0,(415) 255-2720,181.34378461814563
656,1324,Shopping,stores,veqKtvRTqp0x1ybdoJAwVA,eureka-market-san-francisco-2,Eureka Market,https://s3-media1.fl.yelpcdn.com/bphoto/OIqvGw6pw1T7FNFG2l5KbQ/o.jpg,False,https://www.yelp.com/biz/eureka-market-san-francisco-2?adjust_creative=UrTih-vsDBnP_I6A9R91yg&utm_campaign=yelp_api_v3&utm_medium=api_v3_business_search&utm_source=UrTih-vsDBnP_I6A9R91yg,20,"[{'alias': 'grocery', 'title': 'Grocery'}, {'alias': 'beer_and_wine', 'title': 'Beer, Wine & Spirits'}, {'alias': 'convenience', 'title': 'Convenience Stores'}]",4.1,"{'latitude': 37.762139, 'longitude': -122.43857}",[],$,"{'address1': '4151 17th St', 'address2': None, 'address3': '', 'city': 'San Francisco', 'zip_code': '94114', 'country': 'US', 'state': 'CA', 'display_address': ['4151 17th St', 'San Francisco, CA 94114']}",14156559294.0,(415) 655-9294,230.70498642957253
658,1327,Shopping,stores,9f5GrE0-My6KDPnUmrrC8w,chevron-san-francisco-22,Chevron,https://s3-media1.fl.yelpcdn.com/bphoto/Na2vSV2SY5SADCyUpXk1rw/o.jpg,False,https://www.yelp.com/biz/chevron-san-francisco-22?adjust_creative=UrTih-vsDBnP_I6A9R91yg&utm_campaign=yelp_api_v3&utm_medium=api_v3_business_search&utm_source=UrTih-vsDBnP_I6A9R91yg,64,"[{'alias': 'servicestations', 'title': 'Gas Stations'}, {'alias': 'convenience', 'title': 'Convenience Stores'}]",2.5,"{'latitude': 37.762737, 'longitude': -122.434679}","['pickup', 'delivery']",$,"{'address1': '2399 Market St', 'address2': '', 'address3': '', 'city': 'San Francisco', 'zip_code': '94114', 'country': 'US', 'state': 'CA', 'display_address': ['2399 Market St', 'San Francisco, CA 94114']}",14156212570.0,(415) 621-2570,256.7309173214673
663,1351,Shopping,retail,Wgnz-rS8pCHbmRraPGWHww,hansens-laundry-san-francisco,Hansen's Laundry,https://s3-media1.fl.yelpcdn.com/bphoto/QtARo_lcAmkyXyRwwPVtpA/o.jpg,False,https://www.yelp.com/biz/hansens-laundry-san-francisco?adjust_creative=UrTih-vsDBnP_I6A9R91yg&utm_campaign=yelp_api_v3&utm_medium=api_v3_business_search&utm_source=UrTih-vsDBnP_I6A9R91yg,71,"[{'alias': 'laundryservices', 'title': 'Laundry Services'}]",4.0,"{'latitude': 37.76095, 'longitude': -122.43705}",[],$,"{'address1': '4258 18th St', 'address2': '', 'address3': '', 'city': 'San Francisco', 'zip_code': '94114', 'country': 'US', 'state': 'CA', 'display_address': ['4258 18th St', 'San Francisco, CA 94114']}",14158614007.0,(415) 861-4007,53.80260085068847
684,1389,Shopping,retail,e9Au38TUwnyLQXvj9fxhkw,flower-corner-san-francisco,Flower Corner,https://s3-media1.fl.yelpcdn.com/bphoto/rRcgAI6oQKJxY5tKoRjEig/o.jpg,False,https://www.yelp.com/biz/flower-corner-san-francisco?adjust_creative=UrTih-vsDBnP_I6A9R91yg&utm_campaign=yelp_api_v3&utm_medium=api_v3_business_search&utm_source=UrTih-vsDBnP_I6A9R91yg,73,"[{'alias': 'florists', 'title': 'Florists'}]",4.9,"{'latitude': 37.7644382, 'longitude': -122.4323947}",[],$,"{'address1': '2295 Market St', 'address2': None, 'address3': '', 'city': 'San Francisco', 'zip_code': '94114', 'country': 'US', 'state': 'CA', 'display_address': ['2295 Market St', 'San Francisco, CA 94114']}",14152605183.0,(415) 260-5183,530.7932495094315
711,1431,Shopping,malls,4dgnieYmZpya3OTibMgZbA,bluedragonflies-com-san-francisco-4,bluedragonflies.com,,False,https://www.yelp.com/biz/bluedragonflies-com-san-francisco-4?adjust_creative=UrTih-vsDBnP_I6A9R91yg&utm_campaign=yelp_api_v3&utm_medium=api_v3_business_search&utm_source=UrTih-vsDBnP_I6A9R91yg,1,"[{'alias': 'womenscloth', 'title': ""Women's Clothing""}, {'alias': 'personal_shopping', 'title': 'Personal Shopping'}, {'alias': 'accessories', 'title': 'Accessories'}]",5.0,"{'latitude': 37.7703742980957, 'longitude': -122.443626403809}",[],Free/Unknown,"{'address1': '', 'address2': '', 'address3': '', 'city': 'San Francisco', 'zip_code': '94117', 'country': 'US', 'state': 'CA', 'display_address': ['San Francisco, CA 94117']}",,,1369.5388481527075
717,1437,Shopping,malls,teqh7ADqqEDF12-FQelLQA,2nd-street-haight-st-san-francisco,2nd STREET - Haight St,https://s3-media1.fl.yelpcdn.com/bphoto/jYnGRWGeVGNt8SKUHbv9eQ/o.jpg,False,https://www.yelp.com/biz/2nd-street-haight-st-san-francisco?adjust_creative=UrTih-vsDBnP_I6A9R91yg&utm_campaign=yelp_api_v3&utm_medium=api_v3_business_search&utm_source=UrTih-vsDBnP_I6A9R91yg,28,"[{'alias': 'vintage', 'title': 'Used, Vintage & Consignment'}, {'alias': 'womenscloth', 'title': ""Women's Clothing""}, {'alias': 'menscloth', 'title': ""Men's Clothing""}]",2.5,"{'latitude': 37.77001, 'longitude': -122.448}",[],Free/Unknown,"{'address1': '1560 Haight St', 'address2': None, 'address3': '', 'city': 'San Francisco', 'zip_code': '94117', 'country': 'US', 'state': 'CA', 'display_address': ['1560 Haight St', 'San Francisco, CA 94117']}",14156517596.0,(415) 651-7596,1446.536096236962
739,1460,Shopping,shopping centers,0V1NQ3gYJuitUSLbKRKPDQ,un-plaza-bazaar-san-francisco,UN Plaza Bazaar,https://s3-media2.fl.yelpcdn.com/bphoto/TShsPzwyTaCKe3_-wkaajg/o.jpg,False,https://www.yelp.com/biz/un-plaza-bazaar-san-francisco?adjust_creative=UrTih-vsDBnP_I6A9R91yg&utm_campaign=yelp_api_v3&utm_medium=api_v3_business_search&utm_source=UrTih-vsDBnP_I6A9R91yg,4,"[{'alias': 'shoppingcenters', 'title': 'Shopping Centers'}]",3.8,"{'latitude': 37.7798546245562, 'longitude': -122.414683029056}",[],$,"{'address1': None, 'address2': None, 'address3': '', 'city': 'San Francisco', 'zip_code': '94102', 'country': 'US', 'state': 'CA', 'display_address': ['San Francisco, CA 94102']}",,,2846.4039467045186
743,1464,Shopping,shopping centers,zB4lcBRgKSaPNkdc_D0pKQ,union-square-san-francisco-16,Union Square,https://s3-media2.fl.yelpcdn.com/bphoto/B9juhnqjQL7zyja2ogBtaQ/o.jpg,False,https://www.yelp.com/biz/union-square-san-francisco-16?adjust_creative=UrTih-vsDBnP_I6A9R91yg&utm_campaign=yelp_api_v3&utm_medium=api_v3_business_search&utm_source=UrTih-vsDBnP_I6A9R91yg,59,"[{'alias': 'shoppingcenters', 'title': 'Shopping Centers'}]",4.1,"{'latitude': 37.787992, 'longitude': -122.407679}",[],$,"{'address1': '333 Post St', 'address2': '', 'address3': '', 'city': 'San Francisco', 'zip_code': '94108', 'country': 'US', 'state': 'CA', 'display_address': ['333 Post St', 'San Francisco, CA 94108']}",14154772610.0,(415) 477-2610,3933.0258224919166
790,1527,Shopping,boutiques,-HEbH4F8ecQlrtKcvPOlMg,community-thrift-store-san-francisco,Community Thrift Store,https://s3-media3.fl.yelpcdn.com/bphoto/_5IfeI5eZ1RhzuoMq6v--Q/o.jpg,False,https://www.yelp.com/biz/community-thrift-store-san-francisco?adjust_creative=UrTih-vsDBnP_I6A9R91yg&utm_campaign=yelp_api_v3&utm_medium=api_v3_business_search&utm_source=UrTih-vsDBnP_I6A9R91yg,349,"[{'alias': 'thrift_stores', 'title': 'Thrift Stores'}, {'alias': 'antiques', 'title': 'Antiques'}]",3.9,"{'latitude': 37.7627792358398, 'longitude': -122.421363830566}",[],$,"{'address1': '623 Valencia St', 'address2': '', 'address3': '', 'city': 'San Francisco', 'zip_code': '94110', 'country': 'US', 'state': 'CA', 'display_address': ['623 Valencia St', 'San Francisco, CA 94110']}",14158614910.0,(415) 861-4910,1333.9642343568858
795,1539,Shopping,boutiques,nsOvwG2Da-jM72o8I2qivQ,baggu-san-francisco-2,Baggu,https://s3-media2.fl.yelpcdn.com/bphoto/1GpJ-gqAl-JX47f3tria-A/o.jpg,False,https://www.yelp.com/biz/baggu-san-francisco-2?adjust_creative=UrTih-vsDBnP_I6A9R91yg&utm_campaign=yelp_api_v3&utm_medium=api_v3_business_search&utm_source=UrTih-vsDBnP_I6A9R91yg,45,"[{'alias': 'leather', 'title': 'Leather Goods'}, {'alias': 'luggage', 'title': 'Luggage'}, {'alias': 'accessories', 'title': 'Accessories'}]",4.4,"{'latitude': 37.758263, 'longitude': -122.42111946484567}",[],$,"{'address1': '911 Valencia St', 'address2': '', 'address3': None, 'city': 'San Francisco', 'zip_code': '94110', 'country': 'US', 'state': 'CA', 'display_address': ['911 Valencia St', 'San Francisco, CA 94110']}",,,1378.9645721274835
812,1607,Nightlife,clubs,LIjMD-PXdrjEAykKVoAiLw,delirium-san-francisco,Delirium,https://s3-media1.fl.yelpcdn.com/bphoto/TX6QIor3QWZH4TrrQ5VxyQ/o.jpg,False,https://www.yelp.com/biz/delirium-san-francisco?adjust_creative=UrTih-vsDBnP_I6A9R91yg&utm_campaign=yelp_api_v3&utm_medium=api_v3_business_search&utm_source=UrTih-vsDBnP_I6A9R91yg,515,"[{'alias': 'danceclubs', 'title': 'Dance Clubs'}, {'alias': 'sportsbars', 'title': 'Sports Bars'}]",3.4,"{'latitude': 37.7647114, 'longitude': -122.4229383}",[],$,"{'address1': '3139 16th St', 'address2': '', 'address3': '', 'city': 'San Francisco', 'zip_code': '94103', 'country': 'US', 'state': 'CA', 'display_address': ['3139 16th St', 'San Francisco, CA 94103']}",14155525525.0,(415) 552-5525,1278.2129536975046
814,1611,Nightlife,clubs,HNAB0x-edJIBfFjhXJ_QEQ,underground-sf-san-francisco,Underground SF,https://s3-media1.fl.yelpcdn.com/bphoto/afVBodfjH6Fj1VqsmPv5gg/o.jpg,False,https://www.yelp.com/biz/underground-sf-san-francisco?adjust_creative=UrTih-vsDBnP_I6A9R91yg&utm_campaign=yelp_api_v3&utm_medium=api_v3_business_search&utm_source=UrTih-vsDBnP_I6A9R91yg,116,"[{'alias': 'divebars', 'title': 'Dive Bars'}, {'alias': 'danceclubs', 'title': 'Dance Clubs'}]",3.6,"{'latitude': 37.7725296020508, 'longitude': -122.429359436035}",[],$,"{'address1': '424 Haight St', 'address2': '', 'address3': '', 'city': 'San Francisco', 'zip_code': '94117', 'country': 'US', 'state': 'CA', 'display_address': ['424 Haight St', 'San Francisco, CA 94117']}",14158647386.0,(415) 864-7386,1425.3612593961975
853,1715,Nightlife,music venues,5BRoiJKHpcYlqOkDj0lVFw,gray-area-san-francisco-2,Gray Area,https://s3-media1.fl.yelpcdn.com/bphoto/Rg7zARC24lZ1dM2AGVc-Vg/o.jpg,False,https://www.yelp.com/biz/gray-area-san-francisco-2?adjust_creative=UrTih-vsDBnP_I6A9R91yg&utm_campaign=yelp_api_v3&utm_medium=api_v3_business_search&utm_source=UrTih-vsDBnP_I6A9R91yg,30,"[{'alias': 'nonprofit', 'title': 'Community Service/Non-Profit'}, {'alias': 'musicvenues', 'title': 'Music Venues'}, {'alias': 'artspacerentals', 'title': 'Art Space Rentals'}]",3.3,"{'latitude': 37.7544105416716, 'longitude': -122.418526813553}",[],$,"{'address1': '2665 Mission St', 'address2': '', 'address3': '', 'city': 'San Francisco', 'zip_code': '94110', 'country': 'US', 'state': 'CA', 'display_address': ['2665 Mission St', 'San Francisco, CA 94110']}",14158431423.0,(415) 843-1423,1732.7704839570176
855,1717,Nightlife,music venues,9Dqd8evoxKi0JtHI7iX0pw,rite-spot-cafe-san-francisco,Rite Spot Cafe,https://s3-media2.fl.yelpcdn.com/bphoto/BgXVrob_kIODwNLty2Tstg/o.jpg,False,https://www.yelp.com/biz/rite-spot-cafe-san-francisco?adjust_creative=UrTih-vsDBnP_I6A9R91yg&utm_campaign=yelp_api_v3&utm_medium=api_v3_business_search&utm_source=UrTih-vsDBnP_I6A9R91yg,154,"[{'alias': 'bars', 'title': 'Bars'}, {'alias': 'burgers', 'title': 'Burgers'}, {'alias': 'musicvenues', 'title': 'Music Venues'}]",3.6,"{'latitude': 37.7638299018145, 'longitude': -122.415105476975}","['pickup', 'delivery']",$,"{'address1': '2099 Folsom St', 'address2': '', 'address3': '', 'city': 'San Francisco', 'zip_code': '94110', 'country': 'US', 'state': 'CA', 'display_address': ['2099 Folsom St', 'San Francisco, CA 94110']}",14155526066.0,(415) 552-6066,1904.1472299027605
880,1801,Nightlife,dancing,p5cdsHlymDt5A6eJ0_lM1w,caliber-djs-san-francisco-5,Caliber DJs,https://s3-media3.fl.yelpcdn.com/bphoto/zRVMru2xMmYRScGFACKg3g/o.jpg,False,https://www.yelp.com/biz/caliber-djs-san-francisco-5?adjust_creative=UrTih-vsDBnP_I6A9R91yg&utm_campaign=yelp_api_v3&utm_medium=api_v3_business_search&utm_source=UrTih-vsDBnP_I6A9R91yg,54,"[{'alias': 'djs', 'title': 'DJs'}]",5.0,"{'latitude': 37.760884756206, 'longitude': -122.4373863004}",[],Free/Unknown,"{'address1': '4304 18th St', 'address2': None, 'address3': '', 'city': 'San Francisco', 'zip_code': '94114', 'country': 'US', 'state': 'CA', 'display_address': ['4304 18th St', 'San Francisco, CA 94114']}",17735170111.0,(773) 517-0111,82.57508492588985
881,1807,Nightlife,dancing,iQMBUIdg7pc7iUIisoLrxA,cheer-san-francisco-san-francisco-2,CHEER San Francisco,https://s3-media2.fl.yelpcdn.com/bphoto/A47dIW3vfuycdun_eCPNxg/o.jpg,False,https://www.yelp.com/biz/cheer-san-francisco-san-francisco-2?adjust_creative=UrTih-vsDBnP_I6A9R91yg&utm_campaign=yelp_api_v3&utm_medium=api_v3_business_search&utm_source=UrTih-vsDBnP_I6A9R91yg,8,"[{'alias': 'nonprofit', 'title': 'Community Service/Non-Profit'}, {'alias': 'theater', 'title': 'Performing Arts'}, {'alias': 'cheerleading', 'title': 'Cheerleading'}]",5.0,"{'latitude': 37.759475913822214, 'longitude': -122.43509847907544}",[],Free/Unknown,"{'address1': '584 Castro St', 'address2': 'Ste 307', 'address3': '', 'city': 'San Francisco', 'zip_code': '94114', 'country': 'US', 'state': 'CA', 'display_address': ['584 Castro St', 'Ste 307', 'San Francisco, CA 94114']}",14157355995.0,(415) 735-5995,197.76195508897283
915,1861,Beauty & Spas,beauty,anT63i76SXuKH62YD6wFOA,q-cuts-san-francisco-2,Q Cuts,https://s3-media1.fl.yelpcdn.com/bphoto/JXsCl2jX1Xf9VMajLG5jUw/o.jpg,False,https://www.yelp.com/biz/q-cuts-san-francisco-2?adjust_creative=UrTih-vsDBnP_I6A9R91yg&utm_campaign=yelp_api_v3&utm_medium=api_v3_business_search&utm_source=UrTih-vsDBnP_I6A9R91yg,25,"[{'alias': 'hair', 'title': 'Hair Salons'}]",4.7,"{'latitude': 37.7605396, 'longitude': -122.436934}",[],$,"{'address1': '4249 18th St', 'address2': '', 'address3': '', 'city': 'San Francisco', 'zip_code': '94114', 'country': 'US', 'state': 'CA', 'display_address': ['4249 18th St', 'San Francisco, CA 94114']}",14156261132.0,(415) 626-1132,58.58541985256861
940,1897,Beauty & Spas,beauty,x2oJ8s6SrBU1s9vlQPcgbA,lisas-hair-design-san-francisco-2,Lisa's Hair Design,https://s3-media4.fl.yelpcdn.com/bphoto/baaacCsGfHFEv5p36xFwlA/o.jpg,False,https://www.yelp.com/biz/lisas-hair-design-san-francisco-2?adjust_creative=UrTih-vsDBnP_I6A9R91yg&utm_campaign=yelp_api_v3&utm_medium=api_v3_business_search&utm_source=UrTih-vsDBnP_I6A9R91yg,184,"[{'alias': 'hair', 'title': 'Hair Salons'}]",4.3,"{'latitude': 37.7619263, 'longitude': -122.4349189}",[],$,"{'address1': '421 Castro St', 'address2': '', 'address3': '', 'city': 'San Francisco', 'zip_code': '94114', 'country': 'US', 'state': 'CA', 'display_address': ['421 Castro St', 'San Francisco, CA 94114']}",14156266268.0,(415) 626-6268,194.1648341819024
953,1928,Beauty & Spas,spa,goCvXQw_s42Vd5mmtIatSw,nice-cuts-san-francisco-2,Nice Cuts,https://s3-media2.fl.yelpcdn.com/bphoto/rIaQ2wNxYnxGQsP5bGZV4Q/o.jpg,False,https://www.yelp.com/biz/nice-cuts-san-francisco-2?adjust_creative=UrTih-vsDBnP_I6A9R91yg&utm_campaign=yelp_api_v3&utm_medium=api_v3_business_search&utm_source=UrTih-vsDBnP_I6A9R91yg,192,"[{'alias': 'hair', 'title': 'Hair Salons'}]",4.1,"{'latitude': 37.76229, 'longitude': -122.43452}",[],$,"{'address1': '3977 17th St', 'address2': '', 'address3': '', 'city': 'San Francisco', 'zip_code': '94114', 'country': 'US', 'state': 'CA', 'display_address': ['3977 17th St', 'San Francisco, CA 94114']}",14156261222.0,(415) 626-1222,233.43440860419864
954,1929,Beauty & Spas,spa,ovxq1ToffmVPyQReEm3kSA,bruno-hair-design-san-francisco,Bruno Hair Design,https://s3-media3.fl.yelpcdn.com/bphoto/m6a_yMp9ROXIxhgCi3j1cg/o.jpg,False,https://www.yelp.com/biz/bruno-hair-design-san-francisco?adjust_creative=UrTih-vsDBnP_I6A9R91yg&utm_campaign=yelp_api_v3&utm_medium=api_v3_business_search&utm_source=UrTih-vsDBnP_I6A9R91yg,35,"[{'alias': 'hairstylists', 'title': 'Hair Stylists'}]",4.6,"{'latitude': 37.7594299316406, 'longitude': -122.434555053711}",[],$,"{'address1': '597 Castro St', 'address2': '', 'address3': '', 'city': 'San Francisco', 'zip_code': '94114', 'country': 'US', 'state': 'CA', 'display_address': ['597 Castro St', 'San Francisco, CA 94114']}",14156217710.0,(415) 621-7710,234.15915764189583
1029,2093,Beauty & Spas,massage,5WWsu81S4zcHQ7-jnh65Rw,relax-nails-san-francisco,Relax Nails,https://s3-media2.fl.yelpcdn.com/bphoto/9gL1gx8JkbCTjRXP4Tm-ww/o.jpg,False,https://www.yelp.com/biz/relax-nails-san-francisco?adjust_creative=UrTih-vsDBnP_I6A9R91yg&utm_campaign=yelp_api_v3&utm_medium=api_v3_business_search&utm_source=UrTih-vsDBnP_I6A9R91yg,142,"[{'alias': 'othersalons', 'title': 'Nail Salons'}, {'alias': 'hairremoval', 'title': 'Hair Removal'}, {'alias': 'massage', 'title': 'Massage'}]",4.2,"{'latitude': 37.7703751623631, 'longitude': -122.444390505552}",[],$,"{'address1': '1340 Haight St', 'address2': '', 'address3': '', 'city': 'San Francisco', 'zip_code': '94117', 'country': 'US', 'state': 'CA', 'display_address': ['1340 Haight St', 'San Francisco, CA 94117']}",14152559188.0,(415) 255-9188,1268.5135703669728
1042,2130,Beauty & Spas,hair salon,rRfM-c5dKAeCB9wGRS8VKQ,melissa-hair-studio-san-francisco,Melissa Hair Studio,https://s3-media1.fl.yelpcdn.com/bphoto/qfZwB7Y4cVPr2E1XDpQrWQ/o.jpg,False,https://www.yelp.com/biz/melissa-hair-studio-san-francisco?adjust_creative=UrTih-vsDBnP_I6A9R91yg&utm_campaign=yelp_api_v3&utm_medium=api_v3_business_search&utm_source=UrTih-vsDBnP_I6A9R91yg,11,"[{'alias': 'hair', 'title': 'Hair Salons'}]",4.7,"{'latitude': 37.7604669, 'longitude': -122.4434881}",[],$,"{'address1': '4696 18th St', 'address2': '', 'address3': '', 'city': 'San Francisco', 'zip_code': '94114', 'country': 'US', 'state': 'CA', 'display_address': ['4696 18th St', 'San Francisco, CA 94114']}",14157568145.0,(415) 756-8145,606.9333774703709
1049,2137,Beauty & Spas,hair salon,rOpMYcFkY-ahiQw4q4kwuw,b-parlor-san-francisco,B Parlor,https://s3-media2.fl.yelpcdn.com/bphoto/mkSLkz3az9oB13INVeiMSw/o.jpg,False,https://www.yelp.com/biz/b-parlor-san-francisco?adjust_creative=UrTih-vsDBnP_I6A9R91yg&utm_campaign=yelp_api_v3&utm_medium=api_v3_business_search&utm_source=UrTih-vsDBnP_I6A9R91yg,310,"[{'alias': 'hair', 'title': 'Hair Salons'}]",4.6,"{'latitude': 37.76272016446293, 'longitude': -122.42881680929614}",[],$,"{'address1': '3705 17th St', 'address2': '', 'address3': '', 'city': 'San Francisco', 'zip_code': '94114', 'country': 'US', 'state': 'CA', 'display_address': ['3705 17th St', 'San Francisco, CA 94114']}",14152558554.0,(415) 255-8554,700.6456317065966
1149,2304,Fitness & Recreation,yoga studios,1yFsaj-R6nHmiwdwbjeIvg,food-body-me-san-francisco-2,Food Body Me,https://s3-media4.fl.yelpcdn.com/bphoto/1mcap88OW3LTcd9-EP-0rw/o.jpg,False,https://www.yelp.com/biz/food-body-me-san-francisco-2?adjust_creative=UrTih-vsDBnP_I6A9R91yg&utm_campaign=yelp_api_v3&utm_medium=api_v3_business_search&utm_source=UrTih-vsDBnP_I6A9R91yg,38,"[{'alias': 'yoga', 'title': 'Yoga'}, {'alias': 'cookingschools', 'title': 'Cooking Schools'}]",2.6,"{'latitude': 37.7652283, 'longitude': -122.4266586}",[],Free/Unknown,"{'address1': '264 Dolores St', 'address2': None, 'address3': '', 'city': 'San Francisco', 'zip_code': '94103', 'country': 'US', 'state': 'CA', 'display_address': ['264 Dolores St', 'San Francisco, CA 94103']}",14159670997.0,(415) 967-0997,979.7155544210672
1150,2305,Fitness & Recreation,yoga studios,048qVQ9e33-Aba2wQ2KpYA,claudia-bartsch-san-francisco-2,Claudia Bartsch,https://s3-media4.fl.yelpcdn.com/bphoto/OEQJNI_pCrM5_Aj5_7Zjrw/o.jpg,False,https://www.yelp.com/biz/claudia-bartsch-san-francisco-2?adjust_creative=UrTih-vsDBnP_I6A9R91yg&utm_campaign=yelp_api_v3&utm_medium=api_v3_business_search&utm_source=UrTih-vsDBnP_I6A9R91yg,2,"[{'alias': 'yoga', 'title': 'Yoga'}]",5.0,"{'latitude': 37.7570742, 'longitude': -122.4261431}",[],Free/Unknown,"{'address1': '', 'address2': None, 'address3': '', 'city': 'San Francisco', 'zip_code': '94110', 'country': 'US', 'state': 'CA', 'display_address': ['San Francisco, CA 94110']}",,,1000.7189276164936
1191,2350,Fitness & Recreation,parks,4pJDRTgAP3TdPNoAFq5-qg,eureka-valley-dog-park-san-francisco,Eureka Valley Dog Park,https://s3-media4.fl.yelpcdn.com/bphoto/xcoczs9Rj_u5dvXNuV2EkQ/o.jpg,False,https://www.yelp.com/biz/eureka-valley-dog-park-san-francisco?adjust_creative=UrTih-vsDBnP_I6A9R91yg&utm_campaign=yelp_api_v3&utm_medium=api_v3_business_search&utm_source=UrTih-vsDBnP_I6A9R91yg,29,"[{'alias': 'dog_parks', 'title': 'Dog Parks'}]",3.6,"{'latitude': 37.759856, 'longitude': -122.43629}",[],Free/Unknown,"{'address1': '100 Collingwood St', 'address2': '', 'address3': '', 'city': 'San Francisco', 'zip_code': '94114', 'country': 'US', 'state': 'CA', 'display_address': ['100 Collingwood St', 'San Francisco, CA 94114']}",,,116.83904054755426
1192,2351,Fitness & Recreation,parks,-1wVJ7sbhRW8Cw00V3qUuA,pink-triangle-memorial-san-francisco,Pink Triangle Memorial,https://s3-media2.fl.yelpcdn.com/bphoto/FqEPAlUkokZGNhc_Q0Ciqw/o.jpg,False,https://www.yelp.com/biz/pink-triangle-memorial-san-francisco?adjust_creative=UrTih-vsDBnP_I6A9R91yg&utm_campaign=yelp_api_v3&utm_medium=api_v3_business_search&utm_source=UrTih-vsDBnP_I6A9R91yg,5,"[{'alias': 'parks', 'title': 'Parks'}]",4.4,"{'latitude': 37.7623603693319, 'longitude': -122.436218411826}",[],Free/Unknown,"{'address1': '17th And Market', 'address2': '', 'address3': '', 'city': 'San Francisco', 'zip_code': '94114', 'country': 'US', 'state': 'CA', 'display_address': ['17th And Market', 'San Francisco, CA 94114']}",,,163.6929451912839
1240,2400,Fitness & Recreation,recreation,gyspVlRpkKziW1cSMMOKVg,eureka-valley-recreation-center-san-francisco,Eureka Valley Recreation Center,https://s3-media2.fl.yelpcdn.com/bphoto/F1gZvzWBpUkMExEEl3AsZw/o.jpg,False,https://www.yelp.com/biz/eureka-valley-recreation-center-san-francisco?adjust_creative=UrTih-vsDBnP_I6A9R91yg&utm_campaign=yelp_api_v3&utm_medium=api_v3_business_search&utm_source=UrTih-vsDBnP_I6A9R91yg,25,"[{'alias': 'recreation', 'title': 'Recreation Centers'}]",3.8,"{'latitude': 37.7606205, 'longitude': -122.4362463}",[],Free/Unknown,"{'address1': '100 Collingwood St', 'address2': '', 'address3': 'Collingwood Park', 'city': 'San Francisco', 'zip_code': '94114', 'country': 'US', 'state': 'CA', 'display_address': ['100 Collingwood St', 'Collingwood Park', 'San Francisco, CA 94114']}",14158316810.0,(415) 831-6810,68.52387659288382
1241,2402,Fitness & Recreation,recreation,wY24CM7C8sk0sT56m-2XNw,eureka-valley-arts-san-francisco,Eureka Valley Arts,https://s3-media3.fl.yelpcdn.com/bphoto/fFF6yPvBWxxlMJKvd76_Pg/o.jpg,False,https://www.yelp.com/biz/eureka-valley-arts-san-francisco?adjust_creative=UrTih-vsDBnP_I6A9R91yg&utm_campaign=yelp_api_v3&utm_medium=api_v3_business_search&utm_source=UrTih-vsDBnP_I6A9R91yg,14,"[{'alias': 'summer_camps', 'title': 'Summer Camps'}, {'alias': 'artschools', 'title': 'Art Schools'}]",5.0,"{'latitude': 37.7576752, 'longitude': -122.4370728}",[],Free/Unknown,"{'address1': '4400 20th St', 'address2': None, 'address3': '', 'city': 'San Francisco', 'zip_code': '94114', 'country': 'US', 'state': 'CA', 'display_address': ['4400 20th St', 'San Francisco, CA 94114']}",14159137720.0,(415) 913-7720,352.3481817019415
1301,2552,Arts & Entertainment,museums,jCqfz_b4mJqjnPSaJuRzeA,mission-dolores-basilica-san-francisco-de-asís-san-francisco,Mission Dolores Basilica/San Francisco de Asís,https://s3-media4.fl.yelpcdn.com/bphoto/cUXiaRkYxM7DpGh3EkMHUQ/o.jpg,False,https://www.yelp.com/biz/mission-dolores-basilica-san-francisco-de-as%C3%ADs-san-francisco?adjust_creative=UrTih-vsDBnP_I6A9R91yg&utm_campaign=yelp_api_v3&utm_medium=api_v3_business_search&utm_source=UrTih-vsDBnP_I6A9R91yg,113,"[{'alias': 'museums', 'title': 'Museums'}, {'alias': 'churches', 'title': 'Churches'}, {'alias': 'landmarks', 'title': 'Landmarks & Historical Buildings'}]",4.3,"{'latitude': 37.7641756520641, 'longitude': -122.426596273797}",[],Free/Unknown,"{'address1': '3321 16th St', 'address2': '', 'address3': '', 'city': 'San Francisco', 'zip_code': '94114', 'country': 'US', 'state': 'CA', 'display_address': ['3321 16th St', 'San Francisco, CA 94114']}",14156218203.0,(415) 621-8203,939.458203219814
1302,2553,Arts & Entertainment,museums,zZN0VmmFAyHbhMtIudKzSQ,the-david-ireland-house-san-francisco-2,The David Ireland House,https://s3-media2.fl.yelpcdn.com/bphoto/exl-pj4x_RiYowGOfAGTtA/o.jpg,False,https://www.yelp.com/biz/the-david-ireland-house-san-francisco-2?adjust_creative=UrTih-vsDBnP_I6A9R91yg&utm_campaign=yelp_api_v3&utm_medium=api_v3_business_search&utm_source=UrTih-vsDBnP_I6A9R91yg,5,"[{'alias': 'museums', 'title': 'Museums'}]",5.0,"{'latitude': 37.7585988287796, 'longitude': -122.418127755819}",[],Free/Unknown,"{'address1': '500 Capp St', 'address2': '', 'address3': None, 'city': 'San Francisco', 'zip_code': '94110', 'country': 'US', 'state': 'CA', 'display_address': ['500 Capp St', 'San Francisco, CA 94110']}",14158729240.0,(415) 872-9240,1630.6293742256894
1349,2608,Arts & Entertainment,theaters,LwmslfcZOp16ZAeJdNwcTw,castro-street-fair-san-francisco-2,Castro Street Fair,https://s3-media2.fl.yelpcdn.com/bphoto/yjjXcnsZkvBfBO5ZXyHuAQ/o.jpg,False,https://www.yelp.com/biz/castro-street-fair-san-francisco-2?adjust_creative=UrTih-vsDBnP_I6A9R91yg&utm_campaign=yelp_api_v3&utm_medium=api_v3_business_search&utm_source=UrTih-vsDBnP_I6A9R91yg,30,"[{'alias': 'festivals', 'title': 'Festivals'}]",4.1,"{'latitude': 37.75929, 'longitude': -122.43486}",[],Free/Unknown,"{'address1': '', 'address2': '', 'address3': 'From Market & 16th St to Castro & 19th St', 'city': 'San Francisco', 'zip_code': '94114', 'country': 'US', 'state': 'CA', 'display_address': ['From Market & 16th St to Castro & 19th St', 'San Francisco, CA 94114']}",14158411824.0,(415) 841-1824,629.2113270007251
1350,2613,Arts & Entertainment,theaters,Az4J3Q7CfSjxhs256PXqPA,peter-maleitzke-voice-studio-san-francisco,Peter Maleitzke Voice Studio,https://s3-media2.fl.yelpcdn.com/bphoto/kGo7KCV4BTHX3YOZsuIo1Q/o.jpg,False,https://www.yelp.com/biz/peter-maleitzke-voice-studio-san-francisco?adjust_creative=UrTih-vsDBnP_I6A9R91yg&utm_campaign=yelp_api_v3&utm_medium=api_v3_business_search&utm_source=UrTih-vsDBnP_I6A9R91yg,5,"[{'alias': 'privatetutors', 'title': 'Private Tutors'}, {'alias': 'theater', 'title': 'Performing Arts'}, {'alias': 'musicalinstrumentsandteachers', 'title': 'Musical Instruments & Teachers'}]",5.0,"{'latitude': 37.755405, 'longitude': -122.428505}",[],Free/Unknown,"{'address1': '329 Hill St', 'address2': '', 'address3': '', 'city': 'San Francisco', 'zip_code': '94114', 'country': 'US', 'state': 'CA', 'display_address': ['329 Hill St', 'San Francisco, CA 94114']}",14155968351.0,(415) 596-8351,919.7520851742788
1383,2667,Arts & Entertainment,galleries,kqQhYsIegjI55CDzdO_E7Q,harvey-milk-photo-center-san-francisco,Harvey Milk Photo Center,https://s3-media3.fl.yelpcdn.com/bphoto/X2eZsgJmjKC_mhJh360CUw/o.jpg,False,https://www.yelp.com/biz/harvey-milk-photo-center-san-francisco?adjust_creative=UrTih-vsDBnP_I6A9R91yg&utm_campaign=yelp_api_v3&utm_medium=api_v3_business_search&utm_source=UrTih-vsDBnP_I6A9R91yg,47,"[{'alias': 'galleries', 'title': 'Art Galleries'}, {'alias': 'photographystores', 'title': 'Photography Stores & Services'}, {'alias': 'artclasses', 'title': 'Art Classes'}]",4.4,"{'latitude': 37.7698303, 'longitude': -122.4340446}",[],$,"{'address1': '50 Scott St', 'address2': None, 'address3': '', 'city': 'San Francisco', 'zip_code': '94117', 'country': 'US', 'state': 'CA', 'display_address': ['50 Scott St', 'San Francisco, CA 94117']}",14155549522.0,(415) 554-9522,1015.2785227648732
1408,2703,Arts & Entertainment,cinemas,-4-L1lsnJNLbCH-tO23b8w,s-f-frozen-film-festival-san-francisco,S.F. Frozen Film Festival,https://s3-media1.fl.yelpcdn.com/bphoto/lQB2aTPHP5v7clGrIqeriQ/o.jpg,False,https://www.yelp.com/biz/s-f-frozen-film-festival-san-francisco?adjust_creative=UrTih-vsDBnP_I6A9R91yg&utm_campaign=yelp_api_v3&utm_medium=api_v3_business_search&utm_source=UrTih-vsDBnP_I6A9R91yg,2,"[{'alias': 'movietheaters', 'title': 'Cinema'}]",5.0,"{'latitude': 37.7646217346191, 'longitude': -122.422416687012}",[],Free/Unknown,"{'address1': '3117 16th St', 'address2': '', 'address3': '', 'city': 'San Francisco', 'zip_code': '94103', 'country': 'US', 'state': 'CA', 'display_address': ['3117 16th St', 'San Francisco, CA 94103']}",14158461375.0,(415) 846-1375,1301.2156883654318
1409,2705,Arts & Entertainment,cinemas,gQ-n3vkFrEW5LV5b7DjXig,talkies-comedy-san-francisco,Talkies Comedy,https://s3-media1.fl.yelpcdn.com/bphoto/WjIr98XKzOp2w-a1dY1Rzw/o.jpg,False,https://www.yelp.com/biz/talkies-comedy-san-francisco?adjust_creative=UrTih-vsDBnP_I6A9R91yg&utm_campaign=yelp_api_v3&utm_medium=api_v3_business_search&utm_source=UrTih-vsDBnP_I6A9R91yg,1,"[{'alias': 'comedyclubs', 'title': 'Comedy Clubs'}, {'alias': 'theater', 'title': 'Performing Arts'}, {'alias': 'movietheaters', 'title': 'Cinema'}]",5.0,"{'latitude': 37.7646217346191, 'longitude': -122.422416687012}",[],$,"{'address1': '3117 16th St', 'address2': '', 'address3': None, 'city': 'San Francisco', 'zip_code': '94103', 'country': 'US', 'state': 'CA', 'display_address': ['3117 16th St', 'San Francisco, CA 94103']}",14158631087.0,(415) 863-1087,1301.2156883654318